,Timestamp,BTC-USD-Daily
0,1367174841000.0,135.3
1,1367261101000.0,141.96
2,1367347502000.0,135.3
3,1367433902000.0,117.0
4,1367522401000.0,103.43
5,1367608801000.0,91.01
6,1367695201000.0,111.25
7,1367781901000.0,116.79
8,1367868303000.0,118.33
9,1367954701000.0,106.4
10,1368041101000.0,112.64
11,1368129001000.0,113.0
12,1368215702000.0,118.78
13,1368303901000.0,113.01
14,1368390301000.0,114.713
15,1368476701000.0,117.18
16,1368563101000.0,114.5
17,1368650101000.0,114.156
18,1368736501000.0,115.5
19,1368822901000.0,123.1
20,1368909301000.0,123.88
21,1368995702000.0,120.501
22,1369082102000.0,122.58
23,1369168502000.0,122.9
24,1369254904000.0,123.0
25,1369341302000.0,125.748
26,1369427701000.0,131.7
27,1369514102000.0,130.77
28,1369601102000.0,134.6
29,1369687501000.0,128.985
30,1369773907000.0,129.179
31,1369862101000.0,132.13
32,1369948501000.0,127.401
33,1370036402000.0,127.98
34,1370122802000.0,129.09
35,1370215501000.0,121.3
36,1370301902000.0,121.16
37,1370393102000.0,121.309
38,1370479502000.0,121.714
39,1370565901000.0,119.0
40,1370652302000.0,110.09
41,1370738701000.0,108.401
42,1370825102000.0,99.7497
43,1370912105000.0,105.99
44,1370998802000.0,108.9
45,1371085201000.0,108.4
46,1371171602000.0,102.769
47,1371258301000.0,98.399
48,1371344702000.0,99.99
49,1371431702000.0,100.42
50,1371518404000.0,102.0
51,1371605102000.0,106.55
52,1371691510000.0,107.9
53,1371778202000.0,110.91
54,1371864601000.0,109.015
55,1371951002000.0,107.25
56,1372037402000.0,108.0
57,1372123803000.0,102.443
58,1372210502000.0,103.691
59,1372297801000.0,103.39
60,1372384201000.0,99.66
61,1372470601000.0,93.3311
62,1372557602000.0,95.3886
63,1372644001000.0,97.504
64,1372730404000.0,89.489
65,1372816801000.0,90.797
66,1372906202000.0,78.8
67,1372992361000.0,78.48
68,1373078762000.0,67.809
69,1373165161000.0,68.0831
70,1373251562000.0,77.502
71,1373337962000.0,76.3915
72,1373424362000.0,77.0
73,1373511661000.0,85.75
74,1373598061000.0,93.804
75,1373684462000.0,88.0622
76,1373770861000.0,95.58
77,1373857862000.0,94.0
78,1373944562000.0,97.301
79,1374030962000.0,98.9796
80,1374117662000.0,97.8
81,1374204061000.0,88.7869
82,1374290462000.0,91.572
83,1374376862000.0,89.28
84,1374463262000.0,90.3672
85,1374549661000.0,91.7024
86,1374636061000.0,94.5806
87,1374722462000.0,94.525
88,1374808562000.0,96.9499
89,1374894961000.0,94.13
90,1374981362000.0,94.005
91,1375067762000.0,98.5759
92,1375154162000.0,101.5
93,1375245962000.0,110.34
94,1375332961000.0,106.23
95,1375419362000.0,101.61
96,1375505762000.0,103.7
97,1375592161000.0,104.86
98,1375678561000.0,106.56
99,1375764961000.0,105.841
100,1375851360000.0,106.75
101,1375937762000.0,105.232
102,1376024162000.0,103.958
103,1376110561000.0,103.692
104,1376196962000.0,103.48
105,1376283361000.0,104.4
106,1376370062000.0,106.89
107,1376456461000.0,110.55
108,1376542862000.0,111.701
109,1376630461000.0,108.65
110,1376716861000.0,109.0
111,1376803261000.0,112.17
112,1376889661000.0,117.879
113,1376976061000.0,120.2
114,1377062462000.0,120.0
115,1377148861000.0,121.9
116,1377235261000.0,121.18
117,1377321661000.0,119.0
118,1377408062000.0,120.5
119,1377494462000.0,121.8
120,1377580861000.0,122.3
121,1377667262000.0,126.36
122,1377753661000.0,122.5
123,1377840061000.0,121.68
124,1377926462000.0,133.17
125,1378012862000.0,137.08
126,1378099262000.0,136.65
127,1378185662000.0,135.3
128,1378272062000.0,136.45
129,1378358762000.0,127.28
130,1378445161000.0,125.79
131,1378531562000.0,121.18
132,1378617962000.0,123.46
133,1378704362000.0,120.85
134,1378790761000.0,127.25
135,1378877162000.0,123.44
136,1378963562000.0,134.51
137,1379049961000.0,136.31
138,1379136362000.0,132.62
139,1379222762000.0,128.62
140,1379309161000.0,130.55
141,1379395561000.0,126.57
142,1379481962000.0,130.73
143,1379568361000.0,131.05
144,1379654762000.0,129.75
145,1379741162000.0,127.47
146,1379827562000.0,127.31
147,1379913961000.0,128.39
148,1380000362000.0,126.39
149,1380086762000.0,128.84
150,1380173161000.0,128.92
151,1380259562000.0,130.18
152,1380345962000.0,134.69
153,1380432362000.0,138.5
154,1380519361000.0,134.48
155,1380606061000.0,133.99
156,1380692462000.0,131.61
157,1380778862000.0,121.59
158,1380870971000.0,125.93
159,1380957369000.0,129.07
160,1381043771000.0,128.78
161,1381130163000.0,129.46
162,1381216561000.0,126.11
163,1381303862000.0,127.37
164,1381390262000.0,131.09
165,1381476662000.0,130.18
166,1381563063000.0,133.14
167,1381649469000.0,134.55
168,1381735862000.0,140.03
169,1381822261000.0,139.63
170,1381908662000.0,151.76
171,1381995063000.0,144.13
172,1382081465000.0,146.52
173,1382167862000.0,163.2
174,1382256962000.0,173.14
175,1382343365000.0,178.19
176,1382429762000.0,192.69
177,1382516462000.0,195.01
178,1382603162000.0,190.36
179,1382689561000.0,185.65
180,1382775972000.0,185.26
181,1382862362000.0,182.28
182,1382948762000.0,195.8
183,1383035461000.0,200.01
184,1383121861000.0,202.32
185,1383213961000.0,201.27
186,1383300363000.0,203.73
187,1383387362000.0,207.12
188,1383473762000.0,205.02
189,1383559862000.0,216.48
190,1383646270000.0,230.43
191,1383732962000.0,256.82
192,1383819363000.0,294.21
193,1383905762000.0,319.81
194,1383992161000.0,353.33
195,1384078562000.0,315.76
196,1384164962000.0,332.41
197,1384251362000.0,361.3
198,1384337762000.0,374.95
199,1384424762000.0,408.52
200,1384511162000.0,427.99
201,1384597862000.0,441.28
202,1384684562000.0,468.66
203,1384770962000.0,558.49
204,1384857363000.0,674.71
205,1384943762000.0,482.59
206,1385030762000.0,620.39
207,1385117462000.0,731.15
208,1385243162000.0,808.91
209,1385329561000.0,776.96
210,1385419862000.0,791.59
211,1385506262000.0,909.0
212,1385592363000.0,983.78
213,1385678761000.0,1031.2
214,1385775961000.0,1149.14
215,1385862661000.0,1122.87
216,1385949061000.0,997.84
217,1386035761000.0,1030.64
218,1386123062000.0,1077.12
219,1386210362000.0,1127.12
220,1386298561000.0,1002.91
221,1386386162000.0,765.32
222,1386474061000.0,694.46
223,1386560462000.0,837.82
224,1386647462000.0,921.78
225,1386735361000.0,957.82
226,1386821761000.0,852.89
227,1386909061000.0,906.15
228,1386995462000.0,892.83
229,1387083361000.0,850.15
230,1387170361000.0,868.93
231,1387257062000.0,669.11
232,1387343762000.0,644.05
233,1387430461000.0,560.15
234,1387517461000.0,711.94
235,1387604461000.0,638.3
236,1387690862000.0,609.69
237,1387777561000.0,645.14
238,1387863961000.0,671.42
239,1387950361000.0,654.72
240,1388036762000.0,693.91
241,1388123761000.0,736.34
242,1388210161000.0,729.8
243,1388296862000.0,719.49
244,1388385962000.0,752.77
245,1388474161000.0,747.72
246,1388560561000.0,769.08
247,1388646962000.0,771.15
248,1388733362000.0,802.1
249,1388819762000.0,809.9
250,1388906161000.0,864.09
251,1388992562000.0,975.83
252,1389097561000.0,919.1
253,1389183962000.0,857.55
254,1389270361000.0,840.98
255,1389356761000.0,836.11
256,1389443161000.0,908.02
257,1389529561000.0,863.47
258,1389615962000.0,835.11
259,1389702362000.0,836.54
260,1389788762000.0,863.15
261,1389879062000.0,853.01
262,1389966062000.0,824.34
263,1390052462000.0,838.31
264,1390140662000.0,833.7
265,1390227062000.0,865.46
266,1390313762000.0,867.22
267,1390411262000.0,846.28
268,1390498262000.0,828.5
269,1390584662000.0,802.45
270,1390671062000.0,850.35
271,1390757462000.0,890.5
272,1390854662000.0,803.34
273,1390941362000.0,813.91
274,1391028662000.0,825.36
275,1391115062000.0,819.49
276,1391201462000.0,823.08
277,1391287862000.0,842.05
278,1391374262000.0,829.58
279,1391460962000.0,819.19
280,1391549462000.0,831.17
281,1391636162000.0,821.49
282,1391722563000.0,783.21
283,1391808965000.0,725.92
284,1391895365000.0,687.32
285,1391982062000.0,692.4
286,1392068762000.0,668.35
287,1392156073000.0,638.18
288,1392260762000.0,654.09
289,1392347167000.0,563.37
290,1392433873000.0,644.56
291,1392520270000.0,658.47
292,1392607282000.0,616.22
293,1392693705000.0,641.65
294,1392780362000.0,625.32
295,1392867062000.0,625.23
296,1392954082000.0,549.26
297,1393040762000.0,567.5
298,1393127162000.0,613.72
299,1393213562000.0,578.54
300,1393299962000.0,497.98
301,1393389369000.0,563.52
302,1393476662000.0,581.48
303,1393563362000.0,571.31
304,1393650362000.0,558.21
305,1393736765000.0,561.03
306,1393823162000.0,573.53
307,1393913183000.0,662.1
308,1394006761000.0,663.72
309,1394095261000.0,662.5
310,1394182283000.0,655.21
311,1394268962000.0,621.94
312,1394355362000.0,622.39
313,1394441781000.0,639.21
314,1394528162000.0,630.67
315,1394614562000.0,635.66
316,1394700962000.0,639.84
317,1394789462000.0,633.27
318,1394875862000.0,631.85
319,1394962262000.0,634.47
320,1395048662000.0,622.31
321,1395135062000.0,616.987
322,1395222077000.0,616.973
323,1395308462000.0,603.703
324,1395394562000.0,600.589
325,1395480963000.0,565.677
326,1395567362000.0,567.012
327,1395654362000.0,556.214
328,1395740763000.0,573.041
329,1395837962000.0,584.442
330,1395944761000.0,522.284
331,1396039262000.0,491.286
332,1396145462000.0,485.565
333,1396233962000.0,476.496
334,1396320362000.0,458.605
335,1396408562000.0,481.448
336,1396496463000.0,427.184
337,1396583162000.0,436.883
338,1396669562000.0,452.016
339,1396755962000.0,464.402
340,1396842362000.0,455.561
341,1396928762000.0,453.189
342,1397016663000.0,454.672
343,1397103362000.0,427.748
344,1397189763000.0,381.885
345,1397276163000.0,438.115
346,1397362562000.0,424.927
347,1397448962000.0,409.46
348,1397535962000.0,455.373
349,1397623562000.0,515.641
350,1397710262000.0,519.52
351,1397797262000.0,493.836
352,1397883662000.0,471.864
353,1397970062000.0,504.638
354,1398056463000.0,507.807
355,1398143162000.0,498.687
356,1398229562000.0,490.975
357,1398318062000.0,488.405
358,1398407464000.0,456.307
359,1398494762000.0,451.657
360,1398582662000.0,455.845
361,1398670562000.0,425.696
362,1398773762000.0,447.438
363,1398871562000.0,446.294
364,1398957963000.0,450.762
365,1399044362000.0,445.525
366,1399130765000.0,440.957
367,1399217165000.0,433.529
368,1399303566000.0,429.981
369,1399392065000.0,430.926
370,1399478467000.0,440.211
371,1399564880000.0,441.514
372,1399653676000.0,450.369
373,1399740066000.0,451.272
374,1399826467000.0,433.401
375,1399912870000.0,441.282
376,1399999273000.0,439.853
377,1400086276000.0,444.368
378,1400172667000.0,448.209
379,1400259070000.0,448.52
380,1400345466000.0,447.912
381,1400431868000.0,447.122
382,1400518277000.0,445.06
383,1400604675000.0,483.302
384,1400691977000.0,492.126
385,1400778380000.0,516.295
386,1400864769000.0,523.193
387,1400997366000.0,555.32
388,1401083770000.0,586.827
389,1401172873000.0,584.793
390,1401259265000.0,575.617
391,1401345676000.0,566.67
392,1401432967000.0,569.327
393,1401519367000.0,617.077
394,1401605773000.0,648.41
395,1401692166000.0,623.169
396,1401778567000.0,657.145
397,1401864966000.0,639.06
398,1401954066000.0,645.998
399,1402040465000.0,657.275
400,1402126867000.0,652.765
401,1402213266000.0,657.53
402,1402299666000.0,647.333
403,1402386065000.0,657.994
404,1402472469000.0,650.166
405,1402561566000.0,636.624
406,1402647969000.0,610.96
407,1402734367000.0,584.821
408,1402820767000.0,559.434
409,1402907167000.0,599.72
410,1402993571000.0,596.463
411,1403079968000.0,612.4
412,1403166367000.0,610.083
413,1403252768000.0,589.439
414,1403339167000.0,591.765
415,1403425570000.0,604.541
416,1403511967000.0,593.671
417,1403602266000.0,594.267
418,1403694075000.0,571.571
419,1403813170000.0,573.299
420,1403903467000.0,584.93
421,1404024372000.0,600.891
422,1404116499000.0,626.494
423,1404202872000.0,654.42
424,1404307273000.0,645.444
425,1404407768000.0,645.18
426,1404523271000.0,631.675
427,1404666371000.0,634.794
428,1404815040000.0,622.017
429,1404915240000.0,624.45
430,1405001640000.0,614.266
431,1405088040000.0,629.174
432,1405174440000.0,628.546
433,1405260840000.0,629.067
434,1405347240000.0,619.951
435,1405433640000.0,623.815
436,1405520040000.0,616.682
437,1405606440000.0,620.055
438,1405692840000.0,620.928
439,1405779240000.0,628.086
440,1405865640000.0,625.016
441,1405952040000.0,620.445
442,1406039040000.0,621.996
443,1406125440000.0,622.907
444,1406211840000.0,601.158
445,1406298240000.0,601.76
446,1406384640000.0,597.815
447,1406471040000.0,597.576
448,1406561040000.0,582.346
449,1406647440000.0,583.662
450,1406739840000.0,576.811
451,1406826240000.0,585.466
452,1406913840000.0,597.118
453,1407002040000.0,589.081
454,1407088440000.0,586.593
455,1407174840000.0,589.73
456,1407261240000.0,586.449
457,1407347640000.0,586.662
458,1407434040000.0,589.683
459,1407520440000.0,593.09
460,1407606840000.0,589.511
461,1407693240000.0,590.392
462,1407779640000.0,580.499
463,1407866040000.0,569.529
464,1407952440000.0,539.68
465,1408038840000.0,516.599
466,1408125240000.0,493.484
467,1408211640000.0,506.347
468,1408298040000.0,492.127
469,1408384440000.0,460.031
470,1408470840000.0,477.45
471,1408557240000.0,504.065
472,1408643640000.0,525.04
473,1408730040000.0,517.643
474,1408816440000.0,501.235
475,1408902840000.0,511.395
476,1408989240000.0,502.386
477,1409075640000.0,511.836
478,1409162040000.0,512.218
479,1409248440000.0,508.083
480,1409334840000.0,510.361
481,1409421240000.0,504.556
482,1409507640000.0,475.192
483,1409594040000.0,481.846
484,1409681040000.0,482.651
485,1409767440000.0,477.171
486,1409853840000.0,488.176
487,1409940240000.0,484.695
488,1410026640000.0,487.596
489,1410113040000.0,485.551
490,1410200640000.0,479.012
491,1410287040000.0,472.043
492,1410373440000.0,484.654
493,1410459840000.0,474.61
494,1410546240000.0,476.119
495,1410632640000.0,480.77
496,1410719040000.0,477.706
497,1410805440000.0,476.807
498,1410891840000.0,469.813
499,1410978240000.0,453.857
500,1411064640000.0,425.231
501,1411151039000.0,398.955
502,1411237440000.0,412.868
503,1411323840000.0,402.317
504,1411410239000.0,402.175
505,1411496640000.0,434.903
506,1411583639000.0,428.889
507,1411670039000.0,410.605
508,1411756440000.0,404.686
509,1411842840000.0,398.393
510,1411929239000.0,381.14
511,1412015639000.0,381.27
512,1412102039000.0,384.025
513,1412231940000.0,384.461
514,1412318339000.0,376.265
515,1412408640000.0,358.614
516,1412495040000.0,328.078
517,1412581440000.0,321.4
518,1412667840000.0,326.921
519,1412754240000.0,333.213
520,1412840645000.0,357.081
521,1412927040000.0,371.211
522,1413013440000.0,362.101
523,1413099840000.0,361.012
524,1413186240000.0,372.683
525,1413272640000.0,404.963
526,1413359040000.0,398.12
527,1413445440000.0,393.288
528,1413532140000.0,383.645
529,1413618540000.0,381.085
530,1413704940000.0,392.849
531,1413791340000.0,383.055
532,1413877740000.0,384.58
533,1413964140000.0,386.883
534,1414050540000.0,372.734
535,1414136940000.0,359.324
536,1414223340000.0,353.778
537,1414309740000.0,353.119
538,1414396140000.0,352.45
539,1414482540000.0,357.405
540,1414568940000.0,357.237
541,1414655340000.0,339.989
542,1414741742000.0,345.474
543,1414830240000.0,329.199
544,1414920240000.0,324.968
545,1415006640000.0,330.595
546,1415093040000.0,326.202
547,1415179440000.0,336.67
548,1415265840000.0,340.384
549,1415352240000.0,347.635
550,1415438640000.0,343.492
551,1415525040000.0,349.135
552,1415611440000.0,359.944
553,1415697840000.0,367.833
554,1415784240000.0,378.629
555,1415870640000.0,438.286
556,1415957040000.0,384.976
557,1416043440000.0,395.159
558,1416129840000.0,386.854
559,1416216240000.0,409.747
560,1416302640000.0,383.823
561,1416389040000.0,383.492
562,1416475440000.0,364.929
563,1416561840000.0,353.103
564,1416648240000.0,358.654
565,1416734640000.0,357.059
566,1416821040000.0,374.572
567,1416907440000.0,393.176
568,1416994440000.0,369.096
569,1417080840000.0,372.335
570,1417167240000.0,363.23
571,1417253640000.0,378.912
572,1417340040000.0,381.015
573,1417426440000.0,379.968
574,1417512840000.0,380.975
575,1417599240000.0,376.298
576,1417685640000.0,375.683
577,1417772040000.0,372.943
578,1417858440000.0,374.454
579,1417944840000.0,374.862
580,1418031241000.0,366.659
581,1418117640000.0,350.734
582,1418204040000.0,350.037
583,1418318340000.0,356.597
584,1418519640000.0,346.567
585,1418606040000.0,351.142
586,1418692440000.0,345.42
587,1418779140000.0,333.954
588,1418865540000.0,321.417
589,1418951940000.0,311.418
590,1419038340000.0,316.632
591,1419124740000.0,328.891
592,1419211140000.0,322.022
593,1419297541000.0,333.14
594,1419383940000.0,334.25
595,1419470340000.0,318.075
596,1419556741000.0,317.811
597,1419643141000.0,324.885
598,1419729541000.0,316.561
599,1419815940000.0,319.854
600,1419902340000.0,314.022
601,1419988741000.0,310.6
602,1420075141000.0,317.848
603,1420161540000.0,313.639
604,1420247940000.0,314.87
605,1420334340000.0,281.246
606,1420420741000.0,266.723
607,1420507141000.0,274.168
608,1420593541000.0,283.238
609,1420679940000.0,293.754
610,1420766341000.0,282.507
611,1420883941000.0,277.861
612,1420970341000.0,274.705
613,1421056741000.0,267.988
614,1421143141000.0,244.566
615,1421229541000.0,207.809
616,1421315941000.0,204.946
617,1421402341000.0,218.091
618,1421488741000.0,197.244
619,1421575141000.0,210.52
620,1421661541000.0,208.277
621,1421747941000.0,209.398
622,1421834340000.0,213.693
623,1421920741000.0,230.925
624,1422007141000.0,226.646
625,1422093540000.0,232.926
626,1422179941000.0,246.348
627,1422266341000.0,299.413
628,1422352740000.0,258.223
629,1422439141000.0,262.191
630,1422525541000.0,230.433
631,1422611941000.0,232.815
632,1422698341000.0,232.025
633,1422785341000.0,212.725
634,1422871760000.0,224.714
635,1422958161000.0,239.545
636,1423044859000.0,223.529
637,1423131259000.0,225.924
638,1423217660000.0,218.892
639,1423304065000.0,228.917
640,1423390460000.0,227.457
641,1423476860000.0,222.527
642,1423563560000.0,216.425
643,1423649960000.0,220.585
644,1423736360000.0,219.139
645,1423822761000.0,234.847
646,1423909161000.0,247.851
647,1423995862000.0,262.742
648,1424082560000.0,237.533
649,1424168959000.0,237.71
650,1424255360000.0,241.633
651,1424341759000.0,236.829
652,1424428162000.0,246.175
653,1424514560000.0,243.83
654,1424601859000.0,245.211
655,1424688260000.0,234.566
656,1424774660000.0,236.6
657,1424861061000.0,235.821
658,1424947460000.0,236.16
659,1425033859000.0,251.802
660,1425127459000.0,252.86
661,1425213860000.0,246.098
662,1425300260000.0,258.834
663,1425386660000.0,270.295
664,1425493759000.0,282.029
665,1425580460000.0,267.155
666,1425666859000.0,271.081
667,1425753560000.0,276.149
668,1425839961000.0,274.759
669,1425926959000.0,286.625
670,1426013659000.0,295.158
671,1426100059000.0,296.145
672,1426186460000.0,296.532
673,1426273160000.0,287.691
674,1426359860000.0,282.985
675,1426446261000.0,284.199
676,1426532662000.0,291.018
677,1426619062000.0,287.963
678,1426705462000.0,266.851
679,1426792161000.0,259.816
680,1426878861000.0,260.658
681,1426965561000.0,260.475
682,1427051961000.0,262.736
683,1427138362000.0,263.101
684,1427224762000.0,246.765
685,1427311162000.0,245.087
686,1427397559000.0,253.246
687,1427483961000.0,248.411
688,1427570361000.0,251.687
689,1427658261000.0,244.8
690,1427750959000.0,247.838
691,1427838862000.0,245.58
692,1427939961000.0,247.918
693,1428026361000.0,253.183
694,1428113361000.0,255.069
695,1428199761000.0,253.204
696,1428286461000.0,261.58
697,1428372861000.0,252.688
698,1428459262000.0,253.043
699,1428546861000.0,244.848
700,1428633261000.0,242.767
701,1428719661000.0,236.266
702,1428806061000.0,237.318
703,1428892462000.0,235.823
704,1428978862000.0,224.205
705,1429070961000.0,222.072
706,1429157662000.0,225.966
707,1429244362000.0,228.548
708,1429331063000.0,223.356
709,1429418362000.0,223.678
710,1429507163000.0,223.602
711,1429593862000.0,225.39
712,1429680863000.0,234.599
713,1429767262000.0,233.853
714,1429854263000.0,231.789
715,1429944262000.0,229.881
716,1430053163000.0,218.727
717,1430139563000.0,220.454
718,1430226262000.0,224.947
719,1430313561000.0,224.665
720,1430403860000.0,234.167
721,1430490260000.0,235.142
722,1430577559000.0,234.814
723,1430664259000.0,241.893
724,1430750659000.0,241.945
725,1430838558000.0,234.923
726,1430930960000.0,234.966
727,1431017360000.0,232.015
728,1431103760000.0,245.906
729,1431190160000.0,241.203
730,1431276559000.0,240.507
731,1431363260000.0,243.663
732,1431449961000.0,242.089
733,1431536362000.0,242.873
734,1431622760000.0,236.418
735,1431709165000.0,237.498
736,1431795560000.0,237.384
737,1431881960000.0,237.378
738,1431968360000.0,236.758
739,1432055363000.0,233.332
740,1432142059000.0,234.654
741,1432228461000.0,236.186
742,1432314861000.0,236.846
743,1432401260000.0,240.201
744,1432487660000.0,241.613
745,1432575261000.0,237.313
746,1432663161000.0,237.484
747,1432750160000.0,236.773
748,1432846460000.0,237.406
749,1432932861000.0,237.094
750,1433020161000.0,232.603
751,1433106561000.0,231.895
752,1433193860000.0,222.597
753,1433284160000.0,225.695
754,1433370561000.0,226.092
755,1433456960000.0,224.567
756,1433543361000.0,225.226
757,1433633360000.0,225.026
758,1433719760000.0,223.469
759,1433806161000.0,228.462
760,1433892559000.0,229.277
761,1433978960000.0,228.785
762,1434065360000.0,229.669
763,1434151766000.0,230.259
764,1434241761000.0,232.483
765,1434328163000.0,233.493
766,1434414561000.0,236.594
767,1434500960000.0,252.393
768,1434587359000.0,248.938
769,1434673760000.0,249.827
770,1434760159000.0,243.995
771,1434846560000.0,244.765
772,1434933260000.0,243.891
773,1435019661000.0,246.698
774,1435106060000.0,244.157
775,1435192460000.0,240.823
776,1435278860000.0,242.676
777,1435365261000.0,243.489
778,1435451660000.0,250.655
779,1435538061000.0,248.758
780,1435624460000.0,256.939
781,1435710867000.0,264.057
782,1435797261000.0,259.09
783,1435883660000.0,255.811
784,1435970062000.0,256.656
785,1436056462000.0,260.837
786,1436142861000.0,270.949
787,1436229261000.0,269.478
788,1436315660000.0,266.341
789,1436402059000.0,267.704
790,1436488460000.0,269.191
791,1436574860000.0,286.052
792,1436661259000.0,293.114
793,1436747659000.0,309.859
794,1436834064000.0,291.531
795,1436920796000.0,290.508
796,1437007161000.0,291.183
797,1437093559000.0,278.093
798,1437179961000.0,279.505
799,1437266660000.0,274.517
800,1437353361000.0,273.602
801,1437439762000.0,279.366
802,1437526761000.0,276.139
803,1437613161000.0,277.419
804,1437699561000.0,275.741
805,1437785960000.0,287.267
806,1437872361000.0,288.697
807,1437958761000.0,292.164
808,1438045162000.0,294.907
809,1438131562000.0,293.802
810,1438217961000.0,288.471
811,1438304362000.0,287.823
812,1438390762000.0,284.676
813,1438477462000.0,279.73
814,1438563861000.0,282.168
815,1438650266000.0,282.135
816,1438737261000.0,284.734
817,1438823661000.0,281.459
818,1438910062000.0,278.809
819,1438996461000.0,279.598
820,1439082862000.0,261.801
821,1439169262000.0,265.991
822,1439255661000.0,264.522
823,1439342961000.0,268.243
824,1439429361000.0,265.805
825,1439515761000.0,263.99
826,1439602163000.0,266.174
827,1439688560000.0,261.6
828,1439774961000.0,258.241
829,1439861360000.0,257.909
830,1439947762000.0,231.601
831,1440035061000.0,229.296
832,1440121462000.0,233.494
833,1440207861000.0,233.695
834,1440294561000.0,230.173
835,1440380961000.0,226.995
836,1440467661000.0,203.863
837,1440554060000.0,224.639
838,1440640461000.0,227.369
839,1440726861000.0,221.515
840,1440813261000.0,232.353
841,1440900261000.0,230.462
842,1440986663000.0,227.657
843,1441073060000.0,230.863
844,1441159464000.0,226.675
845,1441245861000.0,229.589
846,1441332261000.0,227.93
847,1441418663000.0,229.577
848,1441505062000.0,236.142
849,1441591462000.0,241.162
850,1441677861000.0,241.852
851,1441764861000.0,243.645
852,1441851561000.0,238.504
853,1441937963000.0,239.653
854,1442024361000.0,239.852
855,1442111362000.0,235.224
856,1442197761000.0,227.961
857,1442284163000.0,231.71
858,1442370561000.0,230.9
859,1442456961000.0,230.049
860,1442638763000.0,232.424
861,1442726063000.0,231.004
862,1442823867000.0,227.719
863,1442916862000.0,231.566
864,1443003262000.0,230.202
865,1443089680000.0,231.139
866,1443177562000.0,236.82
867,1443268464000.0,233.933
868,1443355162000.0,233.241
869,1443441562000.0,237.11
870,1443528263000.0,236.259
871,1443614663000.0,236.202
872,1443701062000.0,236.038
873,1443787462000.0,237.17
874,1443874761000.0,237.731
875,1443961162000.0,238.467
876,1444047564000.0,237.909
877,1444134263000.0,240.799
878,1444220662000.0,244.574
879,1444307064000.0,243.066
880,1444393461000.0,243.479
881,1444479862000.0,243.426
882,1444567162000.0,244.646
883,1444653562000.0,246.632
884,1444739962000.0,250.079
885,1444826363000.0,250.13
886,1444913064000.0,254.377
887,1444999485000.0,259.286
888,1445086474000.0,269.651
889,1445172864000.0,265.33
890,1445259263000.0,263.062
891,1445345660000.0,265.758
892,1445432061000.0,264.688
893,1445518460000.0,274.63
894,1445604863000.0,274.985
895,1445691262000.0,277.908
896,1445779161000.0,288.511
897,1445865561000.0,283.626
898,1445951962000.0,292.501
899,1446038360000.0,301.821
900,1446124761000.0,312.264
901,1446211160000.0,319.693
902,1446299661000.0,324.769
903,1446389661000.0,317.023
904,1446476061000.0,334.018
905,1446562459000.0,392.089
906,1446649462000.0,486.534
907,1446735860000.0,393.216
908,1446822259000.0,375.493
909,1446908660000.0,388.144
910,1446997160000.0,385.583
911,1447083565000.0,384.491
912,1447169966000.0,358.042
913,1447256361000.0,312.185
914,1447342766000.0,329.99
915,1447429167000.0,330.588
916,1447517660000.0,332.634
917,1447604062000.0,320.758
918,1447690462000.0,320.706
919,1447776860000.0,334.246
920,1447863269000.0,333.518
921,1447949661000.0,326.287
922,1448036061000.0,321.711
923,1448125785000.0,325.69
924,1448212160000.0,322.651
925,1448298565000.0,323.655
926,1448385260000.0,321.585
927,1448471660000.0,325.344
928,1448558061000.0,346.825
929,1448660659000.0,359.416
930,1448747062000.0,355.642
931,1448833462000.0,364.834
932,1448919860000.0,377.034
933,1449006263000.0,361.484
934,1449092673000.0,359.777
935,1449179060000.0,360.712
936,1449265460000.0,361.606
937,1449351864000.0,378.439
938,1449438260000.0,395.493
939,1449524660000.0,394.615
940,1449611064000.0,395.698
941,1449697463000.0,414.863
942,1449783862000.0,416.948
943,1449870261000.0,449.438
944,1449956663000.0,425.814
945,1450043063000.0,435.797
946,1450129464000.0,443.909
947,1450216162000.0,461.439
948,1450303163000.0,457.011
949,1450389560000.0,455.067
950,1450476862000.0,462.867
951,1450563862000.0,462.06
952,1450650260000.0,441.045
953,1450736664000.0,436.033
954,1450823362000.0,439.136
955,1450909762000.0,442.987
956,1450996160000.0,454.293
957,1451082561000.0,456.03
958,1451168962000.0,419.127
959,1451255362000.0,423.26
960,1451341761000.0,419.759
961,1451428162000.0,430.244
962,1451514562000.0,427.452
963,1451600962000.0,430.84
964,1451687361000.0,434.221
965,1451773763000.0,433.444
966,1451860162000.0,427.509
967,1451946563000.0,433.746
968,1452032958000.0,432.198
969,1452119356000.0,430.805
970,1452206058000.0,454.248
971,1452292457000.0,453.716
972,1452378856000.0,449.557
973,1452465557000.0,445.916
974,1452551959000.0,448.21
975,1452639259000.0,445.932
976,1452725659000.0,432.285
977,1452812059000.0,430.633
978,1452898459000.0,375.468
979,1452984859000.0,382.775
980,1453071857000.0,387.313
981,1453158259000.0,387.038
982,1453244659000.0,382.212
983,1453331059000.0,417.34
984,1453418359000.0,410.273
985,1453504763000.0,378.538
986,1453591764000.0,389.1
987,1453678758000.0,403.934
988,1453765159000.0,392.511
989,1453851862000.0,391.598
990,1453938858000.0,395.106
991,1454025258000.0,380.316
992,1454111658000.0,379.89
993,1454198058000.0,378.179
994,1454284459000.0,368.661
995,1454370860000.0,372.942
996,1454457259000.0,374.445
997,1454543660000.0,369.989
998,1454630060000.0,389.588
999,1454717977000.0,386.362
1000,1454804363000.0,377.141
1001,1454890758000.0,377.151
1002,1454977159000.0,373.454
1003,1455063560000.0,376.203
1004,1455149959000.0,382.02
1005,1455236959000.0,379.999
1006,1455323362000.0,385.471
1007,1455409758000.0,394.577
1008,1455496158000.0,410.381
1009,1455582559000.0,402.707
1010,1455668963000.0,407.977
1011,1455755361000.0,416.817
1012,1455841759000.0,422.59
1013,1455928159000.0,422.163
1014,1456014559000.0,438.633
1015,1456100963000.0,437.112
1016,1456187393000.0,438.692
1017,1456273759000.0,423.6
1018,1456360460000.0,427.719
1019,1456447160000.0,423.06
1020,1456533564000.0,434.231
1021,1456619961000.0,432.212
1022,1456706361000.0,432.373
1023,1456792759000.0,438.973
1024,1456879159000.0,435.1
1025,1456966159000.0,420.773
1026,1457052563000.0,422.763
1027,1457140463000.0,409.248
1028,1457226860000.0,396.187
1029,1457313864000.0,407.058
1030,1457400261000.0,414.271
1031,1457486660000.0,411.899
1032,1457573058000.0,413.955
1033,1457659460000.0,417.27
1034,1457745860000.0,421.658
1035,1457832259000.0,412.75
1036,1457918659000.0,414.493
1037,1458005061000.0,416.66
1038,1458091463000.0,416.812
1039,1458177864000.0,418.595
1040,1458265459000.0,419.627
1041,1458351859000.0,409.134
1042,1458438259000.0,412.655
1043,1458524664000.0,412.154
1044,1458615862000.0,415.598
1045,1458702263000.0,419.152
1046,1458788662000.0,417.746
1047,1458875060000.0,416.832
1048,1458961460000.0,418.258
1049,1459047862000.0,418.019
1050,1459134260000.0,425.553
1051,1459220663000.0,425.678
1052,1459307060000.0,416.228
1053,1459393461000.0,416.803
1054,1459479861000.0,417.408
1055,1459566260000.0,421.005
1056,1459652662000.0,420.978
1057,1459739660000.0,421.726
1058,1459829061000.0,423.233
1059,1459915461000.0,424.194
1060,1460001863000.0,422.153
1061,1460088561000.0,423.811
1062,1460175561000.0,418.291
1063,1460261961000.0,419.538
1064,1460348961000.0,422.009
1065,1460435362000.0,426.941
1066,1460521762000.0,426.294
1067,1460608162000.0,424.552
1068,1460694561000.0,425.977
1069,1460780961000.0,429.539
1070,1460867361000.0,430.382
1071,1460954361000.0,428.734
1072,1461040763000.0,428.271
1073,1461127163000.0,435.579
1074,1461213561000.0,443.29
1075,1461299962000.0,445.702
1076,1461386361000.0,444.884
1077,1461472762000.0,453.824
1078,1461559162000.0,457.701
1079,1461645563000.0,462.843
1080,1461732562000.0,465.379
1081,1461818962000.0,441.663
1082,1461905363000.0,446.808
1083,1461991763000.0,454.497
1084,1462078163000.0,449.215
1085,1462164562000.0,452.29
1086,1462250962000.0,444.151
1087,1462337367000.0,449.276
1088,1462423762000.0,447.289
1089,1462510162000.0,447.27
1090,1462596563000.0,458.293
1091,1462682963000.0,459.16
1092,1462769362000.0,456.969
1093,1462855762000.0,460.31
1094,1462942163000.0,453.406
1095,1463028563000.0,451.927
1096,1463114962000.0,454.32
1097,1463201362000.0,455.342
1098,1463287763000.0,455.797
1099,1463374163000.0,457.085
1100,1463460562000.0,454.774
1101,1463546963000.0,454.584
1102,1463647163000.0,454.0
1103,1463733564000.0,442.334
1104,1463819963000.0,442.061
1105,1463906364000.0,442.557
1106,1463992762000.0,441.976
1107,1464079162000.0,445.427
1108,1464165563000.0,448.378
1109,1464251964000.0,450.022
1110,1464338364000.0,474.069
1111,1464424763000.0,498.676
1112,1464511162000.0,521.849
1113,1464597563000.0,535.539
1114,1464683963000.0,544.418
1115,1464770363000.0,532.141
1116,1464856762000.0,535.844
1117,1464943162000.0,549.816
1118,1465029562000.0,580.809
1119,1465115962000.0,577.988
1120,1465202362000.0,585.142
1121,1465288763000.0,584.665
1122,1465375163000.0,576.673
1123,1465461564000.0,578.783
1124,1465547962000.0,577.185
1125,1465634363000.0,583.377
1126,1465720762000.0,628.133
1127,1465807163000.0,692.598
1128,1465893563000.0,693.612
1129,1465979963000.0,677.808
1130,1466066362000.0,733.566
1131,1466152853000.0,738.893
1132,1466239162000.0,754.455
1133,1466325563000.0,753.637
1134,1466411962000.0,763.99
1135,1466498362000.0,713.075
1136,1466584763000.0,672.253
1137,1466671162000.0,593.038
1138,1466757570000.0,651.165
1139,1466843963000.0,680.49
1140,1466930362000.0,656.33
1141,1467016762000.0,644.602
1142,1467103161000.0,649.736
1143,1467189563000.0,637.476
1144,1467275963000.0,639.628
1145,1467362373000.0,675.849
1146,1467448763000.0,678.151
1147,1467535162000.0,671.149
1148,1467621562000.0,673.016
1149,1467707962000.0,675.281
1150,1467794361000.0,675.219
1151,1467880762000.0,645.744
1152,1467967162000.0,643.358
1153,1468053562000.0,653.698
1154,1468139962000.0,647.317
1155,1468226362000.0,646.921
1156,1468312763000.0,648.473
1157,1468399163000.0,667.684
1158,1468485563000.0,656.24
1159,1468571963000.0,664.502
1160,1468658362000.0,664.65
1161,1468744763000.0,666.034
1162,1468831463000.0,679.776
1163,1468917863000.0,671.247
1164,1469004264000.0,670.628
1165,1469090664000.0,663.551
1166,1469177063000.0,664.809
1167,1469263463000.0,652.987
1168,1469349864000.0,654.691
1169,1469436263000.0,655.454
1170,1469522665000.0,648.27
1171,1469609064000.0,653.678
1172,1469695463000.0,655.233
1173,1469781864000.0,655.515
1174,1469868263000.0,655.985
1175,1469954663000.0,638.209
1176,1470041664000.0,622.498
1177,1470128363000.0,603.212
1178,1470214764000.0,553.726
1179,1470301164000.0,573.437
1180,1470387565000.0,571.827
1181,1470473963000.0,570.135
1182,1470560364000.0,589.672
1183,1470646763000.0,589.44
1184,1470733163000.0,587.231
1185,1470819565000.0,588.482
1186,1470905963000.0,592.589
1187,1470992364000.0,589.7
1188,1471079365000.0,588.941
1189,1471165763000.0,583.588
1190,1471252165000.0,573.089
1191,1471338565000.0,569.174
1192,1471424965000.0,580.452
1193,1471511365000.0,574.18
1194,1471597764000.0,574.948
1195,1471684164000.0,579.787
1196,1471770864000.0,583.081
1197,1471857564000.0,580.799
1198,1471944265000.0,583.06
1199,1472030664000.0,582.594
1200,1472117666000.0,575.628
1201,1472204667000.0,579.669
1202,1472291368000.0,576.007
1203,1472377767000.0,572.82
1204,1472464166000.0,575.008
1205,1472550568000.0,578.19
1206,1472636967000.0,574.893
1207,1472723366000.0,572.41
1208,1472809766000.0,571.819
1209,1472896167000.0,574.777
1210,1472982567000.0,601.474
1211,1473068967000.0,605.05
1212,1473155367000.0,606.715
1213,1473242067000.0,608.994
1214,1473328466000.0,626.582
1215,1473414866000.0,622.512
1216,1473501267000.0,623.676
1217,1473587667000.0,623.052
1218,1473674066000.0,605.681
1219,1473760465000.0,607.68
1220,1473846865000.0,610.202
1221,1473933266000.0,610.234
1222,1474019665000.0,608.061
1223,1474106068000.0,607.679
1224,1474192466000.0,607.309
1225,1474278867000.0,609.207
1226,1474365283000.0,609.101
1227,1474451667000.0,598.608
1228,1474538068000.0,597.254
1229,1474624466000.0,599.086
1230,1474710865000.0,603.552
1231,1474797266000.0,602.966
1232,1474883666000.0,606.089
1233,1474970065000.0,607.068
1234,1475056467000.0,605.721
1235,1475142865000.0,606.008
1236,1475229267000.0,605.636
1237,1475315667000.0,612.568
1238,1475402067000.0,612.979
1239,1475488465000.0,612.126
1240,1475574865000.0,610.381
1241,1475661267000.0,610.485
1242,1475747665000.0,612.013
1243,1475834066000.0,615.719
1244,1475920465000.0,618.876
1245,1476006865000.0,617.449
1246,1476093265000.0,618.237
1247,1476179667000.0,634.187
1248,1476266069000.0,640.19
1249,1476352467000.0,637.365
1250,1476439466000.0,639.156
1251,1476525865000.0,641.932
1252,1476612269000.0,642.358
1253,1476698667000.0,639.619
1254,1476785067000.0,639.741
1255,1476871467000.0,638.151
1256,1476957867000.0,631.386
1257,1477044268000.0,632.257
1258,1477130665000.0,637.624
1259,1477217065000.0,657.199
1260,1477303468000.0,652.827
1261,1477389867000.0,656.597
1262,1477476566000.0,664.004
1263,1477562967000.0,687.116
1264,1477649368000.0,687.331
1265,1477735768000.0,703.977
1266,1477823066000.0,711.374
1267,1477910365000.0,701.334
1268,1477996769000.0,726.507
1269,1478083166000.0,725.873
1270,1478169568000.0,736.802
1271,1478255976000.0,706.089
1272,1478342668000.0,704.692
1273,1478432668000.0,712.394
1274,1478519068000.0,702.993
1275,1478605467000.0,704.233
1276,1478692468000.0,734.757
1277,1478778868000.0,718.026
1278,1478865267000.0,716.853
1279,1478951668000.0,707.696
1280,1479038073000.0,695.098
1281,1479124468000.0,702.443
1282,1479210874000.0,709.822
1283,1479297268000.0,714.779
1284,1479383669000.0,741.735
1285,1479470066000.0,751.231
1286,1479556466000.0,748.749
1287,1479642868000.0,752.467
1288,1479729268000.0,734.128
1289,1479815668000.0,740.754
1290,1479902668000.0,743.086
1291,1479989666000.0,740.662
1292,1480076069000.0,738.105
1293,1480162467000.0,734.906
1294,1480249166000.0,736.83
1295,1480335567000.0,736.835
1296,1480421967000.0,736.4
1297,1480508369000.0,747.153
1298,1480595066000.0,753.49
1299,1480681469000.0,773.419
1300,1480767868000.0,768.924
1301,1480854568000.0,770.395
1302,1480940968000.0,751.713
1303,1481027368000.0,764.395
1304,1481113768000.0,766.544
1305,1481200167000.0,772.765
1306,1481286567000.0,773.192
1307,1481372966000.0,775.156
1308,1481459366000.0,768.598
1309,1481545769000.0,780.12
1310,1481633367000.0,781.452
1311,1481720066000.0,781.489
1312,1481806479000.0,779.555
1313,1481892868000.0,783.972
1314,1481979266000.0,790.224
1315,1482065670000.0,790.903
1316,1482152069000.0,791.731
1317,1482238469000.0,793.315
1318,1482324878000.0,809.513
1319,1482411267000.0,860.126
1320,1482497665000.0,913.311
1321,1482584066000.0,891.23
1322,1482670467000.0,868.522
1323,1482756867000.0,897.475
1324,1482843269000.0,930.351
1325,1482929667000.0,960.528
1326,1483016066000.0,973.423
1327,1483102467000.0,949.298
1328,1483188866000.0,952.229
1329,1483275269000.0,972.948
1330,1483361668000.0,1025.88
1331,1483448068000.0,1030.47
1332,1483534467000.0,1100.52
1333,1483620867000.0,1032.94
1334,1483707266000.0,892.194
1335,1483793667000.0,892.342
1336,1483880069000.0,911.99
1337,1483966467000.0,907.185
1338,1484052867000.0,908.901
1339,1484139267000.0,818.048
1340,1484225688000.0,767.149
1341,1484312369000.0,796.407
1342,1484398766000.0,833.934
1343,1484485168000.0,821.69
1344,1484571566000.0,826.108
1345,1484657968000.0,886.754
1346,1484744368000.0,899.644
1347,1484830768000.0,891.014
1348,1484917166000.0,891.942
1349,1485003569000.0,926.034
1350,1485089968000.0,909.04
1351,1485176365000.0,923.955
1352,1485262769000.0,907.879
1353,1485349165000.0,900.2
1354,1485435567000.0,907.819
1355,1485521968000.0,920.339
1356,1485608969000.0,922.994
1357,1485695366000.0,922.58
1358,1485781770000.0,921.309
1359,1485868170000.0,953.959
1360,1485954887000.0,972.586
1361,1486042472000.0,996.304
1362,1486128841000.0,1019.55
1363,1486215241000.0,1025.47
1364,1486301641000.0,1027.57
1365,1486388043000.0,1040.23
1366,1486474441000.0,1059.9
1367,1486560841000.0,1052.24
1368,1486647247000.0,983.114
1369,1486733641000.0,965.105
1370,1486820041000.0,1003.48
1371,1486906441000.0,1000.53
1372,1486992841000.0,992.643
1373,1487079241000.0,1001.77
1374,1487166249000.0,1005.66
1375,1487252642000.0,1019.38
1376,1487339041000.0,1041.4
1377,1487425444000.0,1056.68
1378,1487511847000.0,1045.16
1379,1487598241000.0,1057.53
1380,1487684647000.0,1102.94
1381,1487771045000.0,1112.62
1382,1487857444000.0,1143.14
1383,1487943845000.0,1177.52
1384,1488030244000.0,1163.87
1385,1488116643000.0,1157.63
1386,1488203047000.0,1166.51
1387,1488289746000.0,1177.76
1388,1488376149000.0,1205.33
1389,1488462543000.0,1228.26
1390,1488548950000.0,1267.16
1391,1488635344000.0,1269.28
1392,1488721749000.0,1255.06
1393,1488808146000.0,1270.9
1394,1488894546000.0,1226.8
1395,1488980945000.0,1202.83
1396,1489067344000.0,1172.99
1397,1489153745000.0,1241.08
1398,1489240149000.0,1190.7
1399,1489326546000.0,1181.17
1400,1489412946000.0,1231.63
1401,1489499347000.0,1236.09
1402,1489585744000.0,1249.55
1403,1489672149000.0,1222.28
1404,1489758543000.0,1160.68
1405,1489844944000.0,1066.49
1406,1489931345000.0,1002.16
1407,1490017761000.0,1058.41
1408,1490104743000.0,1094.32
1409,1490191160000.0,1041.39
1410,1490277543000.0,1056.17
1411,1490363945000.0,981.718
1412,1490450356000.0,950.005
1413,1490536744000.0,993.619
1414,1490623144000.0,1030.0
1415,1490709545000.0,1061.93
1416,1490795944000.0,1043.88
1417,1490882345000.0,1020.99
1418,1490968747000.0,1041.06
1419,1491055148000.0,1083.77
1420,1491141549000.0,1084.98
1421,1491227945000.0,1129.9
1422,1491314347000.0,1133.37
1423,1491400748000.0,1122.91
1424,1491487146000.0,1153.1
1425,1491573547000.0,1174.68
1426,1491659947000.0,1184.6
1427,1491746345000.0,1178.15
1428,1491832746000.0,1188.0
1429,1491919148000.0,1196.61
1430,1492005549000.0,1200.97
1431,1492091947000.0,1180.18
1432,1492178346000.0,1167.97
1433,1492264746000.0,1186.37
1434,1492351146000.0,1176.36
1435,1492437549000.0,1173.51
1436,1492523948000.0,1212.91
1437,1492610348000.0,1208.33
1438,1492696753000.0,1218.04
1439,1492783152000.0,1222.57
1440,1492869547000.0,1208.47
1441,1492955947000.0,1219.07
1442,1493042359000.0,1223.75
1443,1493128748000.0,1257.93
1444,1493215149000.0,1278.81
1445,1493301550000.0,1302.71
1446,1493387949000.0,1311.04
1447,1493474350000.0,1317.22
1448,1493560750000.0,1318.21
1449,1493647145000.0,1383.51
1450,1493733554000.0,1466.76
1451,1493819964000.0,1460.46
1452,1493906349000.0,1555.51
1453,1493992899000.0,1606.17
1454,1494079149000.0,1565.56
1455,1494165552000.0,1563.12
1456,1494251950000.0,1658.2
1457,1494338354000.0,1793.44
1458,1494424755000.0,1762.21
1459,1494511150000.0,1846.69
1460,1494597551000.0,1784.71
1461,1494683957000.0,1764.14
1462,1494770348000.0,1811.7
1463,1494856749000.0,1753.39
1464,1494943155000.0,1746.73
1465,1495029550000.0,1819.29
1466,1495115946000.0,1826.55
1467,1495202360000.0,1965.5
1468,1495288758000.0,1994.03
1469,1495375458000.0,2075.14
1470,1495461871000.0,2242.91
1471,1495548260000.0,2263.82
1472,1495634653000.0,2431.33
1473,1495721062000.0,2730.61
1474,1495809255000.0,2352.89
1475,1495895646000.0,2012.35
1476,1495982056000.0,2191.33
1477,1496068450000.0,2183.63
1478,1496154850000.0,2252.71
1479,1496241257000.0,2202.45
1480,1496327648000.0,2426.31
1481,1496414053000.0,2400.16
1482,1496500453000.0,2524.54
1483,1496586849000.0,2527.34
1484,1496673255000.0,2574.47
1485,1496759951000.0,2846.14
1486,1496846353000.0,2827.87
1487,1496935160000.0,2728.54
1488,1497021556000.0,2864.85
1489,1497107956000.0,2875.41
1490,1497194652000.0,2910.44
1491,1497281053000.0,2759.19
1492,1497367491000.0,2718.07
1493,1497453851000.0,2635.36
1494,1497540259000.0,2261.25
1495,1497626658000.0,2481.74
1496,1497713056000.0,2591.41
1497,1497799471000.0,2568.92
1498,1497885859000.0,2578.25
1499,1497972555000.0,2657.32
1500,1498058958000.0,2709.33
1501,1498145357000.0,2714.58
1502,1498231756000.0,2760.61
1503,1498318163000.0,2688.44
1504,1498405162000.0,2627.95
1505,1498491572000.0,2476.72
1506,1498645089000.0,2539.78
1507,1498738750000.0,2536.94
1508,1498825150000.0,2547.95
1509,1498911550000.0,2507.89
1510,1498998248000.0,2445.84
1511,1499084649000.0,2519.06
1512,1499171056000.0,2618.16
1513,1499257456000.0,2562.64
1514,1499343850000.0,2592.87
1515,1499430253000.0,2549.5
1516,1499516650000.0,2521.61
1517,1499603060000.0,2589.88
1518,1499695154000.0,2473.94
1519,1499781549000.0,2375.98
1520,1499895247000.0,2377.5
1521,1499983146000.0,2345.15
1522,1500069547000.0,2202.94
1523,1500155948000.0,2055.09
1524,1500242347000.0,1900.86
1525,1500328747000.0,2170.3
1526,1500415148000.0,2356.3
1527,1500501548000.0,2307.55
1528,1500587948000.0,2723.0
1529,1500674347000.0,2637.55
1530,1500760746000.0,2808.39
1531,1500847166000.0,2749.24
1532,1500944081000.0,2763.76
1533,1501030477000.0,2603.73
1534,1501116877000.0,2551.28
1535,1501203276000.0,2721.06
1536,1501289683000.0,2795.81
1537,1501376073000.0,2705.48
1538,1501462485000.0,2749.13
1539,1501548892000.0,2855.56
1540,1501635274000.0,2703.89
1541,1501721689000.0,2721.82
1542,1501808084000.0,2815.08
1543,1501894476000.0,2881.56
1544,1501980856000.0,3270.47
1545,1502067254000.0,3207.59
1546,1502153650000.0,3350.13
1547,1502240053000.0,3407.25
1548,1502326451000.0,3343.37
1549,1502412853000.0,3420.4
1550,1502499252000.0,3653.01
1551,1502585652000.0,3949.6
1552,1502672053000.0,4072.94
1553,1502758450000.0,4362.51
1554,1502844850000.0,4177.9
1555,1502931250000.0,4362.77
1556,1503017659000.0,4338.6
1557,1503104061000.0,4195.47
1558,1503190771000.0,4116.04
1559,1503277172000.0,4102.66
1560,1503363561000.0,3889.24
1561,1503449966000.0,4090.11
1562,1503536365000.0,4141.83
1563,1503622781000.0,4388.95
1564,1503709188000.0,4371.6
1565,1503795571000.0,4317.29
1566,1503882579000.0,4318.65
1567,1503969277000.0,4390.45
1568,1504055684000.0,4588.45
1569,1504142057000.0,4577.31
1570,1504230568000.0,4740.6
1571,1504316969000.0,4928.03
1572,1504403373000.0,4623.51
1573,1504491269000.0,4527.4
1574,1504577965000.0,4040.3
1575,1504664370000.0,4490.29
1576,1504750775000.0,4507.45
1577,1504839280000.0,4599.26
1578,1504925672000.0,4171.88
1579,1505012086000.0,4118.61
1580,1505098479000.0,4203.72
1581,1505184882000.0,4231.63
1582,1505271264000.0,4031.57
1583,1505357666000.0,3874.68
1584,1505444070000.0,3387.13
1585,1505530473000.0,3697.86
1586,1505616872000.0,3579.77
1587,1505703264000.0,3701.85
1588,1505789668000.0,3980.17
1589,1505876066000.0,3916.37
1590,1505962462000.0,3896.09
1591,1506048857000.0,3668.1
1592,1506135255000.0,3635.22
1593,1506221653000.0,3781.92
1594,1506308054000.0,3774.0
1595,1506394456000.0,3947.45
1596,1506480855000.0,3908.59
1597,1506567255000.0,4165.16
1598,1506653652000.0,4100.49
1599,1506740053000.0,4205.07
1600,1506826456000.0,4314.11
1601,1506912853000.0,4412.84
1602,1506999260000.0,4427.26
1603,1507085653000.0,4302.91
1604,1507172052000.0,4243.24
1605,1507258454000.0,4332.29
1606,1507344854000.0,4358.31
1607,1507431264000.0,4418.22
1608,1507517653000.0,4616.19
1609,1507604071000.0,4817.89
1610,1507690453000.0,4793.33
1611,1507776854000.0,4861.99
1612,1507863267000.0,5707.79
1613,1507949653000.0,5666.83
1614,1508036060000.0,5852.48
1615,1508122452000.0,5688.99
1616,1508208851000.0,5629.59
1617,1508295251000.0,5514.57
1618,1508381651000.0,5605.89
1619,1508468051000.0,5670.57
1620,1508554451000.0,6083.22
1621,1508640851000.0,5974.6
1622,1508727249000.0,6021.49
1623,1508813651000.0,5648.75
1624,1508900052000.0,5403.76
1625,1508986451000.0,5728.61
1626,1509072849000.0,5956.31
1627,1509159252000.0,5804.69
1628,1509245651000.0,5727.58
1629,1509332052000.0,6119.32
1630,1509418453000.0,6131.52
1631,1509504851000.0,6441.99
1632,1509591252000.0,6867.43
1633,1509677652000.0,7076.83
1634,1509764051000.0,7164.34
1635,1509850451000.0,7380.63
1636,1509936852000.0,7385.83
1637,1510023253000.0,7129.85
1638,1510109650000.0,7326.39
1639,1510196050000.0,7395.15
1640,1510282453000.0,7255.36
1641,1510368853000.0,6809.75
1642,1510455252000.0,6170.53
1643,1510541650000.0,6008.72
1644,1510628052000.0,6657.83
1645,1510714750000.0,6925.58
1646,1510801153000.0,7224.09
1647,1510887552000.0,7931.87
1648,1510973953000.0,7502.46
1649,1511060353000.0,7804.51
1650,1511146753000.0,7974.75
1651,1511233152000.0,8072.38
1652,1511319558000.0,8155.57
1653,1511405951000.0,8239.35
1654,1511492352000.0,8074.71
1655,1511578754000.0,8222.59
1656,1511665152000.0,8842.92
1657,1511752151000.0,9624.29
1658,1511838853000.0,9740.52
1659,1511925253000.0,10454.1
1660,1512011654000.0,10678.6
1661,1512098053000.0,9948.38
1662,1512184453000.0,11109.5
1663,1512270853000.0,11045.1
1664,1512357253000.0,11443.5
1665,1512444254000.0,11684.2
1666,1512530652000.0,12458.2
1667,1512617054000.0,14441.8
1668,1512704052000.0,16669.1
1669,1512790453000.0,16129.6
1670,1512877152000.0,13465.6
1671,1512963554000.0,17102.2
1672,1513049953000.0,16574.0
1673,1513136353000.0,16805.3
1674,1513222755000.0,16185.9
1675,1513309155000.0,17600.3
1676,1513395554000.0,17586.8
1677,1513481953000.0,19535.7
1678,1513568355000.0,18737.6
1679,1513654755000.0,19000.8
1680,1513741457000.0,17240.1
1681,1513827857000.0,16645.5
1682,1513914257000.0,13939.1
1683,1514001555000.0,14721.0
1684,1514087954000.0,14175.5
1685,1514174361000.0,13593.2
1686,1514260761000.0,14663.6
1687,1514347159000.0,16293.7
1688,1514433560000.0,14822.5
1689,1514519960000.0,15089.5
1690,1514606360000.0,13685.4
1691,1514692760000.0,13411.0
1692,1514779160000.0,13791.6
1693,1514865561000.0,13670.6
1694,1514951960000.0,15190.8
1695,1515038360000.0,15364.0
1696,1515124762000.0,15572.1
1697,1515211161000.0,17035.6
1698,1515297561000.0,17109.1
1699,1515383961000.0,15908.9
1700,1515470360000.0,15399.6
1701,1515556761000.0,14348.0
1702,1515643162000.0,13603.1
1703,1515729563000.0,13823.7
1704,1515815961000.0,14232.6
1705,1515902361000.0,14395.3
1706,1515988762000.0,13713.4
1707,1516075763000.0,13204.9
1708,1516162165000.0,10805.9
1709,1516248562000.0,11596.9
1710,1516334965000.0,11295.8
1711,1516421364000.0,11920.4
1712,1516507765000.0,12623.1
1713,1516594166000.0,11688.5
1714,1516680561000.0,11026.2
1715,1516766966000.0,10877.2
1716,1516853365000.0,11695.7
1717,1516939768000.0,11603.1
1718,1517026166000.0,11124.5
1719,1517112566000.0,11564.0
1720,1517198965000.0,11537.5
1721,1517285362000.0,11075.7
1722,1517371762000.0,10001.0
1723,1517458168000.0,10058.1
1724,1517544569000.0,8780.23
1725,1517630965000.0,8256.33
1726,1517717370000.0,9177.5
1727,1517803769000.0,8144.01
1728,1517891968000.0,6252.44
1729,1517978663000.0,7386.63
1730,1518065063000.0,8179.93
1731,1518151469000.0,8003.77
1732,1518237868000.0,8907.83
1733,1518324267000.0,8151.89
1734,1518410666000.0,8514.72
1735,1518497067000.0,8690.49
1736,1518583467000.0,8856.73
1737,1518669868000.0,9761.57
1738,1518756267000.0,10091.9
1739,1518842669000.0,10567.8
1740,1518929066000.0,10989.0
1741,1519015466000.0,10669.4
1742,1519101867000.0,11601.3
1743,1519188267000.0,11003.5
1744,1519275869000.0,10904.5
1745,1519364668000.0,10007.2
1746,1519451067000.0,10524.3
1747,1519537470000.0,9764.16
1748,1519623868000.0,9680.17
1749,1519710266000.0,10380.8
1750,1519796669000.0,10980.6
1751,1519883669000.0,10486.3
1752,1519970069000.0,11046.3
1753,1520057065000.0,11389.3
1754,1520143465000.0,11242.1
1755,1520232866000.0,11542.6
1756,1520319265000.0,11342.8
1757,1520405966000.0,10598.8
1758,1520492365000.0,9820.62
1759,1520578767000.0,8858.27
1760,1520665167000.0,9490.05
1761,1520751566000.0,8888.24
1762,1520837965000.0,9658.87
1763,1520924366000.0,9404.81
1764,1521010767000.0,9196.64
1765,1521097166000.0,7899.96
1766,1521183567000.0,8240.75
1767,1521269966000.0,8231.27
1768,1521356366000.0,7769.02
1769,1521442767000.0,8321.72
1770,1521528866000.0,8564.91
1771,1521614965000.0,9107.93
1772,1521701666000.0,9049.33
1773,1521788067000.0,8415.39
1774,1521874766000.0,8927.67
1775,1521961167000.0,8568.19
1776,1522047567000.0,8490.62
1777,1522133367000.0,8016.17
1778,1522218567000.0,7922.57
1779,1522304967000.0,7633.15
1780,1522390768000.0,7158.86
1781,1522477466000.0,6939.83
1782,1522563866000.0,6917.68
1783,1522650268000.0,6963.81
1784,1522736667000.0,7366.17
1785,1522823068000.0,7378.37
1786,1522909467000.0,6851.6
1787,1522995866000.0,6695.06
1788,1523082266000.0,6870.79
1789,1523168667000.0,6960.79
1790,1523255666000.0,7115.75
1791,1523342067000.0,6755.97
1792,1523428468000.0,6837.63
1793,1523514874000.0,6943.48
1794,1523601273000.0,7810.71
1795,1523687674000.0,7997.07
1796,1523774073000.0,8091.03
1797,1523860474000.0,8056.67
1798,1523946873000.0,8023.62
1799,1524033271000.0,7947.79
1800,1524119673000.0,8203.12
1801,1524206073000.0,8294.76
1802,1524292473000.0,8910.51
1803,1524378872000.0,8869.08
1804,1524465269000.0,8864.44
1805,1524551670000.0,9243.85
1806,1524638078000.0,9458.1
1807,1524724474000.0,8920.16
1808,1524810875000.0,9247.43
1809,1524897274000.0,9176.05
1810,1524983675000.0,9452.56
1811,1525070075000.0,9303.52
1812,1525156471000.0,8984.62
1813,1525242873000.0,9112.2
1814,1525329271000.0,9213.31
1815,1525415673000.0,9624.38
1816,1525502072000.0,9811.99
1817,1525588471000.0,9659.33
1818,1525674871000.0,9376.24
1819,1525761272000.0,9372.82
1820,1525847673000.0,9088.69
1821,1525934072000.0,9322.81
1822,1526020472000.0,9003.08
1823,1526106872000.0,8252.8
1824,1526193272000.0,8447.13
1825,1526279672000.0,8422.63
1826,1526366072000.0,8771.8
1827,1526452473000.0,8247.4
1828,1526538872000.0,8377.04
1829,1526625272000.0,8053.8
1830,1526711672000.0,8254.03
1831,1526798072000.0,8277.47
1832,1526884473000.0,8500.56
1833,1526970873000.0,8357.88
1834,1527057272000.0,7974.42
1835,1527143673000.0,7704.68
1836,1527230074000.0,7636.52
1837,1527316473000.0,7457.9
1838,1527402872000.0,7326.04
1839,1527489273000.0,7232.68
1840,1527575674000.0,7132.14
1841,1527662075000.0,7547.04
1842,1527748470000.0,7549.99
1843,1527834873000.0,7556.43
1844,1527921271000.0,7501.66
1845,1528007676000.0,7656.1
1846,1528095875000.0,7622.28
1847,1528182275000.0,7436.43
1848,1528268674000.0,7638.11
1849,1528355074000.0,7711.17
1850,1528441471000.0,7652.63
1851,1528527875000.0,7675.77
1852,1528614275000.0,7337.87
1853,1528700673000.0,6778.59
1854,1528787067000.0,6877.72
1855,1528873472000.0,6600.79
1856,1528959873000.0,6519.79
1857,1529046272000.0,6615.55
1858,1529132674000.0,6515.33
1859,1529219074000.0,6562.72
1860,1529305473000.0,6488.37
1861,1529391875000.0,6712.75
1862,1529478272000.0,6658.06
1863,1529564678000.0,6773.49
1864,1529651077000.0,6659.2
1865,1529737470000.0,6078.86
1866,1529823875000.0,5893.52
1867,1529910875000.0,6171.12
1868,1529997277000.0,6241.11
1869,1530083976000.0,6090.15
1870,1530170377000.0,6117.9
1871,1530256740000.0,5905.97
1872,1530343140000.0,6430.12
1873,1530429540000.0,6377.34
1874,1530515940000.0,6341.27
1875,1530602340000.0,6658.22
1876,1530688740000.0,6497.39
1877,1530775140000.0,6685.24
1878,1530861540000.0,6559.07
1879,1530947940000.0,6639.77
1880,1531034340000.0,6837.42
1881,1531120740000.0,6768.26
1882,1531207140000.0,6685.89
1883,1531293547000.0,6368.71
1884,1531379940000.0,6229.81
1885,1531466340000.0,6256.71
1886,1531552740000.0,6229.23
1887,1531639140000.0,6294.14
1888,1531725540000.0,6383.29
1889,1531811940000.0,6687.88
1890,1531898340000.0,7438.13
1891,1531984743000.0,7345.14
1892,1532071440000.0,7377.84
1893,1532157840000.0,7344.44
1894,1532244240000.0,7398.14
1895,1532330640000.0,7674.75
1896,1532417040000.0,7994.39
1897,1532503440000.0,8292.35
1898,1532513940000.0,8181.75
